encoder_name,encoder_slug,task_type,seed,split,class_name,precision,recall,f1-score,support,auroc,auprc,f1_score
DualImageResNet18,dual_image_resnet18,image_only,42,validation,cardiomegaly,0.9166666666666666,0.2894736842105263,0.44,38.0,0.9278438030560272,0.6134043396964127,
DualImageResNet18,dual_image_resnet18,image_only,42,validation,chronic_lung_disease,0.6666666666666666,0.25,0.3636363636363636,16.0,0.9039199561403508,0.3898143001532358,
DualImageResNet18,dual_image_resnet18,image_only,42,validation,normal,0.7990430622009569,0.9653179190751444,0.8743455497382199,346.0,0.791494632535095,0.9008909623661338,
DualImageResNet18,dual_image_resnet18,image_only,42,validation,pleural_effusion,0.4444444444444444,0.16,0.2352941176470588,25.0,0.7280536912751678,0.2391196811919484,
DualImageResNet18,dual_image_resnet18,image_only,42,validation,pneumonia_or_opacity,0.3333333333333333,0.1914893617021276,0.2432432432432432,47.0,0.7442803504380475,0.2696003208170454,
DualImageResNet18,dual_image_resnet18,image_only,42,test,cardiomegaly,0.8,0.1052631578947368,0.1860465116279069,38.0,0.8840043657530925,0.50730663560715,
DualImageResNet18,dual_image_resnet18,image_only,42,test,chronic_lung_disease,0.6666666666666666,0.1176470588235294,0.2,17.0,0.8308985132514545,0.3389916589374578,
DualImageResNet18,dual_image_resnet18,image_only,42,test,normal,0.7900943396226415,0.9710144927536232,0.871261378413524,345.0,0.7652858610065046,0.8877804232572908,
DualImageResNet18,dual_image_resnet18,image_only,42,test,pleural_effusion,0.4444444444444444,0.1538461538461538,0.2285714285714285,26.0,0.7119696447050707,0.2160888987117118,
DualImageResNet18,dual_image_resnet18,image_only,42,test,pneumonia_or_opacity,0.3870967741935484,0.2608695652173913,0.3116883116883117,46.0,0.7046335986936109,0.295164141361149,
CheXbert,chexbert,text_only,42,validation,cardiomegaly,0.15517241379310345,0.23684210526315788,,38.0,,,0.1875
CheXbert,chexbert,text_only,42,validation,chronic_lung_disease,0.0,0.0,,16.0,,,0.0
CheXbert,chexbert,text_only,42,validation,normal,0.7733333333333333,0.6705202312138728,,346.0,,,0.718266253869969
CheXbert,chexbert,text_only,42,validation,pleural_effusion,0.15384615384615385,0.08,,25.0,,,0.10526315789473684
CheXbert,chexbert,text_only,42,validation,pneumonia_or_opacity,0.12244897959183673,0.2553191489361702,,47.0,,,0.16551724137931034
CheXbert,chexbert,text_only,42,test,cardiomegaly,0.16666666666666666,0.18421052631578946,,38.0,,,0.175
CheXbert,chexbert,text_only,42,test,chronic_lung_disease,0.0,0.0,,17.0,,,0.0
CheXbert,chexbert,text_only,42,test,normal,0.7351190476190477,0.7159420289855073,,345.0,,,0.7254038179148311
CheXbert,chexbert,text_only,42,test,pleural_effusion,0.0,0.0,,26.0,,,0.0
CheXbert,chexbert,text_only,42,test,pneumonia_or_opacity,0.10112359550561797,0.1956521739130435,,46.0,,,0.13333333333333333
CheXbert,chexbert,text_only,42,validation,cardiomegaly,0.15517241379310345,0.23684210526315788,,38.0,,,0.1875
CheXbert,chexbert,text_only,42,validation,chronic_lung_disease,0.0,0.0,,16.0,,,0.0
CheXbert,chexbert,text_only,42,validation,normal,0.7733333333333333,0.6705202312138728,,346.0,,,0.718266253869969
CheXbert,chexbert,text_only,42,validation,pleural_effusion,0.15384615384615385,0.08,,25.0,,,0.10526315789473684
CheXbert,chexbert,text_only,42,validation,pneumonia_or_opacity,0.12244897959183673,0.2553191489361702,,47.0,,,0.16551724137931034
CheXbert,chexbert,text_only,42,test,cardiomegaly,0.16666666666666666,0.18421052631578946,,38.0,,,0.175
CheXbert,chexbert,text_only,42,test,chronic_lung_disease,0.0,0.0,,17.0,,,0.0
CheXbert,chexbert,text_only,42,test,normal,0.7351190476190477,0.7159420289855073,,345.0,,,0.7254038179148311
CheXbert,chexbert,text_only,42,test,pleural_effusion,0.0,0.0,,26.0,,,0.0
CheXbert,chexbert,text_only,42,test,pneumonia_or_opacity,0.10112359550561797,0.1956521739130435,,46.0,,,0.13333333333333333
CheXbert,chexbert,fusion,42,validation,cardiomegaly,0.6521739130434783,0.39473684210526316,,38.0,,,0.4918032786885246
CheXbert,chexbert,fusion,42,validation,chronic_lung_disease,0.7142857142857143,0.3125,,16.0,,,0.43478260869565216
CheXbert,chexbert,fusion,42,validation,normal,0.8358585858585859,0.9566473988439307,,346.0,,,0.8921832884097035
CheXbert,chexbert,fusion,42,validation,pleural_effusion,0.375,0.36,,25.0,,,0.3673469387755102
CheXbert,chexbert,fusion,42,validation,pneumonia_or_opacity,0.45454545454545453,0.2127659574468085,,47.0,,,0.2898550724637681
CheXbert,chexbert,fusion,42,test,cardiomegaly,0.5714285714285714,0.21052631578947367,,38.0,,,0.3076923076923077
CheXbert,chexbert,fusion,42,test,chronic_lung_disease,0.8,0.23529411764705882,,17.0,,,0.36363636363636365
CheXbert,chexbert,fusion,42,test,normal,0.8,0.9507246376811594,,345.0,,,0.8688741721854305
CheXbert,chexbert,fusion,42,test,pleural_effusion,0.2631578947368421,0.19230769230769232,,26.0,,,0.2222222222222222
CheXbert,chexbert,fusion,42,test,pneumonia_or_opacity,0.375,0.1956521739130435,,46.0,,,0.2571428571428571
Bio_ClinicalBERT,bio_clinicalbert,text_only,42,validation,cardiomegaly,0.13636363636363635,0.23684210526315788,,38.0,,,0.17307692307692307
Bio_ClinicalBERT,bio_clinicalbert,text_only,42,validation,chronic_lung_disease,0.07692307692307693,0.125,,16.0,,,0.09523809523809523
Bio_ClinicalBERT,bio_clinicalbert,text_only,42,validation,normal,0.7491166077738516,0.6127167630057804,,346.0,,,0.6740858505564388
Bio_ClinicalBERT,bio_clinicalbert,text_only,42,validation,pleural_effusion,0.09803921568627451,0.2,,25.0,,,0.13157894736842105
Bio_ClinicalBERT,bio_clinicalbert,text_only,42,validation,pneumonia_or_opacity,0.13043478260869565,0.1276595744680851,,47.0,,,0.12903225806451613
Bio_ClinicalBERT,bio_clinicalbert,text_only,42,test,cardiomegaly,0.08333333333333333,0.15789473684210525,,38.0,,,0.10909090909090909
Bio_ClinicalBERT,bio_clinicalbert,text_only,42,test,chronic_lung_disease,0.0,0.0,,17.0,,,0.0
Bio_ClinicalBERT,bio_clinicalbert,text_only,42,test,normal,0.724025974025974,0.6463768115942029,,345.0,,,0.6830015313935681
Bio_ClinicalBERT,bio_clinicalbert,text_only,42,test,pleural_effusion,0.06451612903225806,0.07692307692307693,,26.0,,,0.07017543859649122
Bio_ClinicalBERT,bio_clinicalbert,text_only,42,test,pneumonia_or_opacity,0.18181818181818182,0.13043478260869565,,46.0,,,0.1518987341772152
Bio_ClinicalBERT,bio_clinicalbert,fusion,42,validation,cardiomegaly,0.8666666666666667,0.34210526315789475,,38.0,,,0.49056603773584906
Bio_ClinicalBERT,bio_clinicalbert,fusion,42,validation,chronic_lung_disease,0.2857142857142857,0.125,,16.0,,,0.17391304347826086
Bio_ClinicalBERT,bio_clinicalbert,fusion,42,validation,normal,0.7962529274004684,0.9826589595375722,,346.0,,,0.8796895213454075
Bio_ClinicalBERT,bio_clinicalbert,fusion,42,validation,pleural_effusion,0.5555555555555556,0.2,,25.0,,,0.29411764705882354
Bio_ClinicalBERT,bio_clinicalbert,fusion,42,validation,pneumonia_or_opacity,0.7142857142857143,0.2127659574468085,,47.0,,,0.32786885245901637
Bio_ClinicalBERT,bio_clinicalbert,fusion,42,test,cardiomegaly,1.0,0.05263157894736842,,38.0,,,0.1
Bio_ClinicalBERT,bio_clinicalbert,fusion,42,test,chronic_lung_disease,0.5,0.058823529411764705,,17.0,,,0.10526315789473684
Bio_ClinicalBERT,bio_clinicalbert,fusion,42,test,normal,0.7835990888382688,0.9971014492753624,,345.0,,,0.8775510204081632
Bio_ClinicalBERT,bio_clinicalbert,fusion,42,test,pleural_effusion,0.3,0.11538461538461539,,26.0,,,0.16666666666666666
Bio_ClinicalBERT,bio_clinicalbert,fusion,42,test,pneumonia_or_opacity,0.5263157894736842,0.21739130434782608,,46.0,,,0.3076923076923077
RadBERT,radbert,text_only,42,validation,cardiomegaly,0.15254237288135594,0.47368421052631576,,38.0,,,0.23076923076923078
RadBERT,radbert,text_only,42,validation,chronic_lung_disease,0.06818181818181818,0.1875,,16.0,,,0.1
RadBERT,radbert,text_only,42,validation,normal,0.8189655172413793,0.5491329479768786,,346.0,,,0.657439446366782
RadBERT,radbert,text_only,42,validation,pleural_effusion,0.13636363636363635,0.24,,25.0,,,0.17391304347826086
RadBERT,radbert,text_only,42,validation,pneumonia_or_opacity,0.08823529411764706,0.06382978723404255,,47.0,,,0.07407407407407407
RadBERT,radbert,text_only,42,test,cardiomegaly,0.12903225806451613,0.42105263157894735,,38.0,,,0.19753086419753085
RadBERT,radbert,text_only,42,test,chronic_lung_disease,0.030303030303030304,0.058823529411764705,,17.0,,,0.04
RadBERT,radbert,text_only,42,test,normal,0.7708333333333334,0.5362318840579711,,345.0,,,0.6324786324786325
RadBERT,radbert,text_only,42,test,pleural_effusion,0.17647058823529413,0.23076923076923078,,26.0,,,0.2
RadBERT,radbert,text_only,42,test,pneumonia_or_opacity,0.0975609756097561,0.08695652173913043,,46.0,,,0.09195402298850575
RadBERT,radbert,fusion,42,validation,cardiomegaly,0.7647058823529411,0.34210526315789475,,38.0,,,0.4727272727272727
RadBERT,radbert,fusion,42,validation,chronic_lung_disease,0.42857142857142855,0.375,,16.0,,,0.4
RadBERT,radbert,fusion,42,validation,normal,0.815347721822542,0.9826589595375722,,346.0,,,0.891218872870249
RadBERT,radbert,fusion,42,validation,pleural_effusion,0.36363636363636365,0.16,,25.0,,,0.2222222222222222
RadBERT,radbert,fusion,42,validation,pneumonia_or_opacity,0.6153846153846154,0.1702127659574468,,47.0,,,0.26666666666666666
RadBERT,radbert,fusion,42,test,cardiomegaly,0.7,0.18421052631578946,,38.0,,,0.2916666666666667
RadBERT,radbert,fusion,42,test,chronic_lung_disease,0.18181818181818182,0.11764705882352941,,17.0,,,0.14285714285714285
RadBERT,radbert,fusion,42,test,normal,0.7880952380952381,0.9594202898550724,,345.0,,,0.865359477124183
RadBERT,radbert,fusion,42,test,pleural_effusion,0.2727272727272727,0.11538461538461539,,26.0,,,0.16216216216216217
RadBERT,radbert,fusion,42,test,pneumonia_or_opacity,0.45,0.1956521739130435,,46.0,,,0.2727272727272727
