true_label,correct,cam_mean,cam_std,cam_max,confidence
cardiomegaly,False,0.0423886925727129,0.06897030264139176,0.3599964690208435,0.8062787771224975
cardiomegaly,True,0.3547635766176077,0.24281707864541274,0.9999998762057378,0.88483648116772
chronic_lung_disease,False,0.029498117187848456,0.06215611444069789,0.3076921793130728,0.8603523832101089
chronic_lung_disease,True,0.369653157889843,0.24624094739556313,0.9999998956918716,0.920722484588623
normal,False,0.27015102109206574,0.23361830173858575,0.9285709517342704,0.7417339480348996
normal,True,0.014054785397385573,0.038169428400624816,0.25236525896595857,0.9710721724228905
pleural_effusion,False,0.07177393510937691,0.08725822823388237,0.42857126678739277,0.9093518739654904
pleural_effusion,True,0.19182565212249755,0.23877125084400178,0.9999996900558472,0.9019216060638428
pneumonia_or_opacity,False,0.04008688239028325,0.044132921744037316,0.21621613728033529,0.8905799807728948
pneumonia_or_opacity,True,0.11985781292120616,0.18773212366633946,0.7777776519457499,0.888692577679952
