epochs,batch_size,lr_text,lr_image,weight_decay,text_dropout,classifier_dropout,class_weight_power,scheduler,freeze_bert,freeze_image_backbone,trial_name,trial_group,augmentation,model_architecture,text_encoder,encoder_spec,fusion_block,image_pipeline,image_pipeline_source,checkpoint_policy,best_epoch,best_val_macro_f1,best_val_accuracy,elapsed_minutes,best_checkpoint_path,last_checkpoint_path,resumed_from_checkpoint,resume_start_epoch
10,32,2e-05,0.0001,0.0005,0.3,0.4,0.5,constant,True,False,intensity_jitter_regularized_mix,05_regularization_class_balance,intensity_jitter,Bio_ClinicalBERT residual gated fusion,emilyalsentzer/Bio_ClinicalBERT,"{'name': 'Bio_ClinicalBERT', 'slug': 'bio_clinicalbert', 'loader': 'auto', 'model_name': 'PROJECT_ROOT\\Experiments\\outputs\\experiment_03_gated_fusion_ablation\\resolved_hf_models\\emilyalsentzer__Bio_ClinicalBERT', 'tokenizer_name': 'PROJECT_ROOT\\Experiments\\outputs\\experiment_03_gated_fusion_ablation\\resolved_hf_models\\emilyalsentzer__Bio_ClinicalBERT'}",ResidualGatedFusionBlock,a_original_full,notebook_04_original_full,last checkpoint saved every epoch; best checkpoint saved on validation macro F1 improvement,6,0.5327797329965933,0.7817796610169492,76.46601165135702,PROJECT_ROOT\Experiments\outputs\experiment_05_gated_hypertuning_augmentation\intensity_jitter_regularized_mix\best_checkpoint.pt,PROJECT_ROOT\Experiments\outputs\experiment_05_gated_hypertuning_augmentation\intensity_jitter_regularized_mix\last_checkpoint.pt,False,1
10,32,2e-05,0.0001,0.0001,0.2,0.3,1.0,constant,True,False,light_geometric_default_lr,01_baseline_simple_aug,light_geometric,Bio_ClinicalBERT residual gated fusion,emilyalsentzer/Bio_ClinicalBERT,"{'name': 'Bio_ClinicalBERT', 'slug': 'bio_clinicalbert', 'loader': 'auto', 'model_name': 'PROJECT_ROOT\\Experiments\\outputs\\experiment_03_gated_fusion_ablation\\resolved_hf_models\\emilyalsentzer__Bio_ClinicalBERT', 'tokenizer_name': 'PROJECT_ROOT\\Experiments\\outputs\\experiment_03_gated_fusion_ablation\\resolved_hf_models\\emilyalsentzer__Bio_ClinicalBERT'}",ResidualGatedFusionBlock,a_original_full,notebook_04_original_full,last checkpoint saved every epoch; best checkpoint saved on validation macro F1 improvement,7,0.5033657806703629,0.7902542372881356,28.31111712058385,PROJECT_ROOT\Experiments\outputs\experiment_05_gated_hypertuning_augmentation\light_geometric_default_lr\best_checkpoint.pt,PROJECT_ROOT\Experiments\outputs\experiment_05_gated_hypertuning_augmentation\light_geometric_default_lr\last_checkpoint.pt,True,7
10,32,2e-05,0.0001,0.0001,0.2,0.3,1.0,constant,True,False,combined_light_default_lr,02_combined_aug,combined_light,Bio_ClinicalBERT residual gated fusion,emilyalsentzer/Bio_ClinicalBERT,"{'name': 'Bio_ClinicalBERT', 'slug': 'bio_clinicalbert', 'loader': 'auto', 'model_name': 'PROJECT_ROOT\\Experiments\\outputs\\experiment_03_gated_fusion_ablation\\resolved_hf_models\\emilyalsentzer__Bio_ClinicalBERT', 'tokenizer_name': 'PROJECT_ROOT\\Experiments\\outputs\\experiment_03_gated_fusion_ablation\\resolved_hf_models\\emilyalsentzer__Bio_ClinicalBERT'}",ResidualGatedFusionBlock,a_original_full,notebook_04_original_full,last checkpoint saved every epoch; best checkpoint saved on validation macro F1 improvement,10,0.49841612879365293,0.7584745762711864,70.17330043315887,PROJECT_ROOT\Experiments\outputs\experiment_05_gated_hypertuning_augmentation\combined_light_default_lr\best_checkpoint.pt,PROJECT_ROOT\Experiments\outputs\experiment_05_gated_hypertuning_augmentation\combined_light_default_lr\last_checkpoint.pt,False,1
10,32,2e-05,0.0001,0.0001,0.1,0.2,1.0,constant,True,False,intensity_jitter_low_dropout,03_dropout_tuning,intensity_jitter,Bio_ClinicalBERT residual gated fusion,emilyalsentzer/Bio_ClinicalBERT,"{'name': 'Bio_ClinicalBERT', 'slug': 'bio_clinicalbert', 'loader': 'auto', 'model_name': 'PROJECT_ROOT\\Experiments\\outputs\\experiment_03_gated_fusion_ablation\\resolved_hf_models\\emilyalsentzer__Bio_ClinicalBERT', 'tokenizer_name': 'PROJECT_ROOT\\Experiments\\outputs\\experiment_03_gated_fusion_ablation\\resolved_hf_models\\emilyalsentzer__Bio_ClinicalBERT'}",ResidualGatedFusionBlock,a_original_full,notebook_04_original_full,last checkpoint saved every epoch; best checkpoint saved on validation macro F1 improvement,9,0.4983464511716812,0.7796610169491526,68.97225040197372,PROJECT_ROOT\Experiments\outputs\experiment_05_gated_hypertuning_augmentation\intensity_jitter_low_dropout\best_checkpoint.pt,PROJECT_ROOT\Experiments\outputs\experiment_05_gated_hypertuning_augmentation\intensity_jitter_low_dropout\last_checkpoint.pt,False,1
10,32,2e-05,0.0001,0.0005,0.2,0.3,1.0,constant,True,False,intensity_jitter_stronger_weight_decay,05_regularization_class_balance,intensity_jitter,Bio_ClinicalBERT residual gated fusion,emilyalsentzer/Bio_ClinicalBERT,"{'name': 'Bio_ClinicalBERT', 'slug': 'bio_clinicalbert', 'loader': 'auto', 'model_name': 'PROJECT_ROOT\\Experiments\\outputs\\experiment_03_gated_fusion_ablation\\resolved_hf_models\\emilyalsentzer__Bio_ClinicalBERT', 'tokenizer_name': 'PROJECT_ROOT\\Experiments\\outputs\\experiment_03_gated_fusion_ablation\\resolved_hf_models\\emilyalsentzer__Bio_ClinicalBERT'}",ResidualGatedFusionBlock,a_original_full,notebook_04_original_full,last checkpoint saved every epoch; best checkpoint saved on validation macro F1 improvement,6,0.4950554323725055,0.7860169491525424,76.29685477018356,PROJECT_ROOT\Experiments\outputs\experiment_05_gated_hypertuning_augmentation\intensity_jitter_stronger_weight_decay\best_checkpoint.pt,PROJECT_ROOT\Experiments\outputs\experiment_05_gated_hypertuning_augmentation\intensity_jitter_stronger_weight_decay\last_checkpoint.pt,False,1
10,32,2e-05,0.0001,0.0001,0.2,0.3,1.0,constant,True,False,intensity_jitter_default_lr,01_baseline_simple_aug,intensity_jitter,Bio_ClinicalBERT residual gated fusion,emilyalsentzer/Bio_ClinicalBERT,"{'name': 'Bio_ClinicalBERT', 'slug': 'bio_clinicalbert', 'loader': 'auto', 'model_name': 'PROJECT_ROOT\\Experiments\\outputs\\experiment_03_gated_fusion_ablation\\resolved_hf_models\\emilyalsentzer__Bio_ClinicalBERT', 'tokenizer_name': 'PROJECT_ROOT\\Experiments\\outputs\\experiment_03_gated_fusion_ablation\\resolved_hf_models\\emilyalsentzer__Bio_ClinicalBERT'}",ResidualGatedFusionBlock,a_original_full,notebook_04_original_full,last checkpoint saved every epoch; best checkpoint saved on validation macro F1 improvement,10,0.49442066422251363,0.7754237288135594,70.83998811642329,PROJECT_ROOT\Experiments\outputs\experiment_05_gated_hypertuning_augmentation\intensity_jitter_default_lr\best_checkpoint.pt,PROJECT_ROOT\Experiments\outputs\experiment_05_gated_hypertuning_augmentation\intensity_jitter_default_lr\last_checkpoint.pt,False,1
10,32,2e-05,0.0001,0.0001,0.2,0.3,1.0,constant,True,False,combined_erasing_default_lr,02_combined_aug,combined_erasing,Bio_ClinicalBERT residual gated fusion,emilyalsentzer/Bio_ClinicalBERT,"{'name': 'Bio_ClinicalBERT', 'slug': 'bio_clinicalbert', 'loader': 'auto', 'model_name': 'PROJECT_ROOT\\Experiments\\outputs\\experiment_03_gated_fusion_ablation\\resolved_hf_models\\emilyalsentzer__Bio_ClinicalBERT', 'tokenizer_name': 'PROJECT_ROOT\\Experiments\\outputs\\experiment_03_gated_fusion_ablation\\resolved_hf_models\\emilyalsentzer__Bio_ClinicalBERT'}",ResidualGatedFusionBlock,a_original_full,notebook_04_original_full,last checkpoint saved every epoch; best checkpoint saved on validation macro F1 improvement,10,0.49153055629399783,0.7733050847457628,71.07786219914755,PROJECT_ROOT\Experiments\outputs\experiment_05_gated_hypertuning_augmentation\combined_erasing_default_lr\best_checkpoint.pt,PROJECT_ROOT\Experiments\outputs\experiment_05_gated_hypertuning_augmentation\combined_erasing_default_lr\last_checkpoint.pt,False,1
10,32,2e-05,0.0001,0.0001,0.2,0.5,1.0,constant,True,False,intensity_jitter_classifier_dropout_only,03_dropout_tuning,intensity_jitter,Bio_ClinicalBERT residual gated fusion,emilyalsentzer/Bio_ClinicalBERT,"{'name': 'Bio_ClinicalBERT', 'slug': 'bio_clinicalbert', 'loader': 'auto', 'model_name': 'PROJECT_ROOT\\Experiments\\outputs\\experiment_03_gated_fusion_ablation\\resolved_hf_models\\emilyalsentzer__Bio_ClinicalBERT', 'tokenizer_name': 'PROJECT_ROOT\\Experiments\\outputs\\experiment_03_gated_fusion_ablation\\resolved_hf_models\\emilyalsentzer__Bio_ClinicalBERT'}",ResidualGatedFusionBlock,a_original_full,notebook_04_original_full,last checkpoint saved every epoch; best checkpoint saved on validation macro F1 improvement,5,0.4868900351340753,0.7690677966101694,73.07282637755075,PROJECT_ROOT\Experiments\outputs\experiment_05_gated_hypertuning_augmentation\intensity_jitter_classifier_dropout_only\best_checkpoint.pt,PROJECT_ROOT\Experiments\outputs\experiment_05_gated_hypertuning_augmentation\intensity_jitter_classifier_dropout_only\last_checkpoint.pt,False,1
10,32,2e-05,0.0001,0.0001,0.2,0.3,0.5,constant,True,False,intensity_jitter_soft_class_weights,05_regularization_class_balance,intensity_jitter,Bio_ClinicalBERT residual gated fusion,emilyalsentzer/Bio_ClinicalBERT,"{'name': 'Bio_ClinicalBERT', 'slug': 'bio_clinicalbert', 'loader': 'auto', 'model_name': 'PROJECT_ROOT\\Experiments\\outputs\\experiment_03_gated_fusion_ablation\\resolved_hf_models\\emilyalsentzer__Bio_ClinicalBERT', 'tokenizer_name': 'PROJECT_ROOT\\Experiments\\outputs\\experiment_03_gated_fusion_ablation\\resolved_hf_models\\emilyalsentzer__Bio_ClinicalBERT'}",ResidualGatedFusionBlock,a_original_full,notebook_04_original_full,last checkpoint saved every epoch; best checkpoint saved on validation macro F1 improvement,4,0.47856878320949514,0.7754237288135594,75.3266942302386,PROJECT_ROOT\Experiments\outputs\experiment_05_gated_hypertuning_augmentation\intensity_jitter_soft_class_weights\best_checkpoint.pt,PROJECT_ROOT\Experiments\outputs\experiment_05_gated_hypertuning_augmentation\intensity_jitter_soft_class_weights\last_checkpoint.pt,False,1
10,32,2e-05,0.0001,0.0001,0.2,0.3,1.0,constant,True,False,baseline_no_aug,01_baseline_simple_aug,none,Bio_ClinicalBERT residual gated fusion,emilyalsentzer/Bio_ClinicalBERT,"{'name': 'Bio_ClinicalBERT', 'slug': 'bio_clinicalbert', 'loader': 'auto', 'model_name': 'PROJECT_ROOT\\Experiments\\outputs\\experiment_03_gated_fusion_ablation\\resolved_hf_models\\emilyalsentzer__Bio_ClinicalBERT', 'tokenizer_name': 'PROJECT_ROOT\\Experiments\\outputs\\experiment_03_gated_fusion_ablation\\resolved_hf_models\\emilyalsentzer__Bio_ClinicalBERT'}",ResidualGatedFusionBlock,a_original_full,notebook_04_original_full,last checkpoint saved every epoch; best checkpoint saved on validation macro F1 improvement,4,0.47413946232083787,0.7754237288135594,6.074433636665344,PROJECT_ROOT\Experiments\outputs\experiment_05_gated_hypertuning_augmentation\baseline_no_aug\best_checkpoint.pt,PROJECT_ROOT\Experiments\outputs\experiment_05_gated_hypertuning_augmentation\baseline_no_aug\last_checkpoint.pt,True,10
10,32,2e-05,0.0002,0.0001,0.2,0.3,1.0,constant,True,False,intensity_jitter_higher_image_lr,04_learning_rate_tuning,intensity_jitter,Bio_ClinicalBERT residual gated fusion,emilyalsentzer/Bio_ClinicalBERT,"{'name': 'Bio_ClinicalBERT', 'slug': 'bio_clinicalbert', 'loader': 'auto', 'model_name': 'PROJECT_ROOT\\Experiments\\outputs\\experiment_03_gated_fusion_ablation\\resolved_hf_models\\emilyalsentzer__Bio_ClinicalBERT', 'tokenizer_name': 'PROJECT_ROOT\\Experiments\\outputs\\experiment_03_gated_fusion_ablation\\resolved_hf_models\\emilyalsentzer__Bio_ClinicalBERT'}",ResidualGatedFusionBlock,a_original_full,notebook_04_original_full,last checkpoint saved every epoch; best checkpoint saved on validation macro F1 improvement,4,0.45651032021618076,0.7542372881355932,75.90160677433013,PROJECT_ROOT\Experiments\outputs\experiment_05_gated_hypertuning_augmentation\intensity_jitter_higher_image_lr\best_checkpoint.pt,PROJECT_ROOT\Experiments\outputs\experiment_05_gated_hypertuning_augmentation\intensity_jitter_higher_image_lr\last_checkpoint.pt,False,1
10,32,2e-05,0.0001,0.0001,0.3,0.4,1.0,constant,True,False,intensity_jitter_medium_high_dropout,03_dropout_tuning,intensity_jitter,Bio_ClinicalBERT residual gated fusion,emilyalsentzer/Bio_ClinicalBERT,"{'name': 'Bio_ClinicalBERT', 'slug': 'bio_clinicalbert', 'loader': 'auto', 'model_name': 'PROJECT_ROOT\\Experiments\\outputs\\experiment_03_gated_fusion_ablation\\resolved_hf_models\\emilyalsentzer__Bio_ClinicalBERT', 'tokenizer_name': 'PROJECT_ROOT\\Experiments\\outputs\\experiment_03_gated_fusion_ablation\\resolved_hf_models\\emilyalsentzer__Bio_ClinicalBERT'}",ResidualGatedFusionBlock,a_original_full,notebook_04_original_full,last checkpoint saved every epoch; best checkpoint saved on validation macro F1 improvement,8,0.444507515939196,0.7733050847457628,69.36395519574484,PROJECT_ROOT\Experiments\outputs\experiment_05_gated_hypertuning_augmentation\intensity_jitter_medium_high_dropout\best_checkpoint.pt,PROJECT_ROOT\Experiments\outputs\experiment_05_gated_hypertuning_augmentation\intensity_jitter_medium_high_dropout\last_checkpoint.pt,False,1
10,32,2e-05,5e-05,0.0001,0.2,0.3,1.0,constant,True,False,intensity_jitter_lower_image_lr,04_learning_rate_tuning,intensity_jitter,Bio_ClinicalBERT residual gated fusion,emilyalsentzer/Bio_ClinicalBERT,"{'name': 'Bio_ClinicalBERT', 'slug': 'bio_clinicalbert', 'loader': 'auto', 'model_name': 'PROJECT_ROOT\\Experiments\\outputs\\experiment_03_gated_fusion_ablation\\resolved_hf_models\\emilyalsentzer__Bio_ClinicalBERT', 'tokenizer_name': 'PROJECT_ROOT\\Experiments\\outputs\\experiment_03_gated_fusion_ablation\\resolved_hf_models\\emilyalsentzer__Bio_ClinicalBERT'}",ResidualGatedFusionBlock,a_original_full,notebook_04_original_full,last checkpoint saved every epoch; best checkpoint saved on validation macro F1 improvement,6,0.4293199556810957,0.7754237288135594,76.54852967659632,PROJECT_ROOT\Experiments\outputs\experiment_05_gated_hypertuning_augmentation\intensity_jitter_lower_image_lr\best_checkpoint.pt,PROJECT_ROOT\Experiments\outputs\experiment_05_gated_hypertuning_augmentation\intensity_jitter_lower_image_lr\last_checkpoint.pt,False,1
10,32,1e-05,0.0001,0.0001,0.2,0.3,1.0,constant,True,False,intensity_jitter_lower_text_lr,04_learning_rate_tuning,intensity_jitter,Bio_ClinicalBERT residual gated fusion,emilyalsentzer/Bio_ClinicalBERT,"{'name': 'Bio_ClinicalBERT', 'slug': 'bio_clinicalbert', 'loader': 'auto', 'model_name': 'PROJECT_ROOT\\Experiments\\outputs\\experiment_03_gated_fusion_ablation\\resolved_hf_models\\emilyalsentzer__Bio_ClinicalBERT', 'tokenizer_name': 'PROJECT_ROOT\\Experiments\\outputs\\experiment_03_gated_fusion_ablation\\resolved_hf_models\\emilyalsentzer__Bio_ClinicalBERT'}",ResidualGatedFusionBlock,a_original_full,notebook_04_original_full,last checkpoint saved every epoch; best checkpoint saved on validation macro F1 improvement,6,0.42078176725235555,0.7627118644067796,76.23284464677175,PROJECT_ROOT\Experiments\outputs\experiment_05_gated_hypertuning_augmentation\intensity_jitter_lower_text_lr\best_checkpoint.pt,PROJECT_ROOT\Experiments\outputs\experiment_05_gated_hypertuning_augmentation\intensity_jitter_lower_text_lr\last_checkpoint.pt,False,1
