pipeline_name,pipeline_slug,split,class_name,precision,recall,f1-score,support
A_original_full,a_original_full,validation,cardiomegaly,0.5714285714285714,0.5263157894736842,0.547945205479452,38.0
A_original_full,a_original_full,validation,chronic_lung_disease,0.6666666666666666,0.25,0.36363636363636365,16.0
A_original_full,a_original_full,validation,normal,0.8236775818639799,0.9450867052023122,0.8802153432032301,346.0
A_original_full,a_original_full,validation,pleural_effusion,0.3684210526315789,0.28,0.3181818181818182,25.0
A_original_full,a_original_full,validation,pneumonia_or_opacity,0.6666666666666666,0.2127659574468085,0.3225806451612903,47.0
A_original_full,a_original_full,test,cardiomegaly,0.3939393939393939,0.34210526315789475,0.36619718309859156,38.0
A_original_full,a_original_full,test,chronic_lung_disease,1.0,0.23529411764705882,0.38095238095238093,17.0
A_original_full,a_original_full,test,normal,0.8005050505050505,0.9188405797101449,0.8556005398110661,345.0
A_original_full,a_original_full,test,pleural_effusion,0.3125,0.19230769230769232,0.23809523809523808,26.0
A_original_full,a_original_full,test,pneumonia_or_opacity,0.391304347826087,0.1956521739130435,0.2608695652173913,46.0
