encoder_name,encoder_slug,task_type,seed,split,class_name,precision,recall,f1-score,support,auroc,auprc
CheXbert,chexbert,fusion,43,validation,cardiomegaly,0.8181818181818182,0.23684210526315788,0.3673469387755102,38.0,0.9003153043900073,0.560966366069248
CheXbert,chexbert,fusion,43,validation,chronic_lung_disease,0.75,0.1875,0.3,16.0,0.9262609649122808,0.49072829972257787
CheXbert,chexbert,fusion,43,validation,normal,0.7962529274004684,0.9826589595375722,0.8796895213454075,346.0,0.8026883200293604,0.9049427695087574
CheXbert,chexbert,fusion,43,validation,pleural_effusion,0.6666666666666666,0.16,0.25806451612903225,25.0,0.6662192393736017,0.206247963753652
CheXbert,chexbert,fusion,43,validation,pneumonia_or_opacity,0.4583333333333333,0.23404255319148937,0.30985915492957744,47.0,0.791188986232791,0.418276205301515
CheXbert,chexbert,fusion,43,test,cardiomegaly,0.7142857142857143,0.13157894736842105,0.2222222222222222,38.0,0.8574460344409411,0.45591001681682236
CheXbert,chexbert,fusion,43,test,chronic_lung_disease,1.0,0.11764705882352941,0.21052631578947367,17.0,0.85830639948287,0.3307087585293409
CheXbert,chexbert,fusion,43,test,normal,0.7680180180180181,0.9884057971014493,0.8643852978453739,345.0,0.8074631975350908,0.9026054833091292
CheXbert,chexbert,fusion,43,test,pleural_effusion,1.0,0.07692307692307693,0.14285714285714285,26.0,0.7072266298723698,0.23598471972562907
CheXbert,chexbert,fusion,43,test,pneumonia_or_opacity,0.35294117647058826,0.13043478260869565,0.19047619047619047,46.0,0.751428863033272,0.24780869786704088
