encoder_name,encoder_slug,task_type,split,class_name,precision,recall,f1-score,support
CheXbert,chexbert,text_only,validation,cardiomegaly,0.0,0.0,0.0,38.0
CheXbert,chexbert,text_only,validation,chronic_lung_disease,0.0,0.0,0.0,16.0
CheXbert,chexbert,text_only,validation,normal,0.7360515021459227,0.9913294797687862,0.8448275862068966,346.0
CheXbert,chexbert,text_only,validation,pleural_effusion,0.0,0.0,0.0,25.0
CheXbert,chexbert,text_only,validation,pneumonia_or_opacity,0.16666666666666666,0.02127659574468085,0.03773584905660377,47.0
CheXbert,chexbert,text_only,test,cardiomegaly,0.0,0.0,0.0,38.0
CheXbert,chexbert,text_only,test,chronic_lung_disease,0.0,0.0,0.0,17.0
CheXbert,chexbert,text_only,test,normal,0.7331887201735358,0.9797101449275363,0.8387096774193549,345.0
CheXbert,chexbert,text_only,test,pleural_effusion,0.0,0.0,0.0,26.0
CheXbert,chexbert,text_only,test,pneumonia_or_opacity,0.25,0.043478260869565216,0.07407407407407407,46.0
