image_gate_weight,text_gate_weight
0.7265669,0.27343303
0.7358682,0.2641318
0.73411524,0.26588476
0.7219879,0.2780121
0.72869253,0.27130744
0.72784775,0.27215225
0.7250186,0.27498138
0.72574633,0.2742537
0.7291049,0.27089515
0.728661,0.271339
0.734967,0.265033
0.7275506,0.2724494
0.7302991,0.26970088
0.7154189,0.28458112
0.7411403,0.2588597
0.7367853,0.2632147
0.7236771,0.27632296
0.72247726,0.27752277
0.73222315,0.26777685
0.7360232,0.26397678
0.7312844,0.2687156
0.72004855,0.27995148
0.73053586,0.26946414
0.72588146,0.27411854
0.73417944,0.26582056
0.72881603,0.27118397
0.72422075,0.27577925
0.72904074,0.27095926
0.71889716,0.28110287
0.7364912,0.26350886
0.72422713,0.27577287
0.73626643,0.2637335
0.71567476,0.28432524
0.71834576,0.28165424
0.7221313,0.27786872
0.73700356,0.26299644
0.7271217,0.2728783
0.7288618,0.2711382
0.7102076,0.28979248
0.73230624,0.26769376
0.72841454,0.2715855
0.72720414,0.27279586
0.7255553,0.27444473
0.71146196,0.28853807
0.73499024,0.2650098
0.7455385,0.25446153
0.73178494,0.26821506
0.72994596,0.27005404
0.7247962,0.27520382
0.7350639,0.26493606
0.73366743,0.26633254
0.7310386,0.2689614
0.740639,0.25936103
0.74067605,0.259324
0.72330725,0.27669275
0.72239596,0.27760404
0.72118664,0.2788134
0.7235198,0.2764802
0.7225847,0.27741534
0.7255317,0.27446833
0.72480094,0.2751991
0.74179465,0.25820535
0.7231343,0.27686578
0.7191316,0.2808684
0.7315658,0.26843423
0.7335812,0.2664188
0.72191775,0.2780823
0.72809935,0.27190062
0.73710704,0.26289296
0.73003656,0.26996344
0.74123573,0.2587642
0.74105394,0.25894606
0.7302218,0.2697782
0.71215487,0.28784513
0.71929306,0.280707
0.7312567,0.26874325
0.73995996,0.26004007
0.7423081,0.25769192
0.7280286,0.2719714
0.7289771,0.2710229
0.7282703,0.27172974
0.7201246,0.2798754
0.740808,0.25919205
0.73451364,0.2654863
0.7302845,0.2697155
0.7315748,0.26842526
0.73758066,0.2624194
0.7267722,0.2732278
0.72730374,0.27269626
0.73444223,0.26555783
0.7245562,0.2754438
0.72228134,0.27771866
0.732337,0.267663
0.7327473,0.26725268
0.72838044,0.27161956
0.71744835,0.28255168
0.7166376,0.28336245
0.72776026,0.27223974
0.73811257,0.26188743
0.72784424,0.2721558
0.74159145,0.25840855
0.7364563,0.26354373
0.7278994,0.27210063
0.73500836,0.26499167
0.73255026,0.2674498
0.72317785,0.27682215
0.73788184,0.26211816
0.7199937,0.2800063
0.73614883,0.26385117
0.72251767,0.27748227
0.7379178,0.2620822
0.7337376,0.2662624
0.72897935,0.27102068
0.730994,0.26900595
0.73901516,0.26098478
0.72611284,0.27388716
0.7301133,0.26988667
0.7122366,0.28776342
0.7232269,0.2767731
0.7334065,0.2665935
0.72809845,0.27190155
0.7332758,0.26672423
0.7259557,0.27404428
0.71437407,0.28562593
0.7259872,0.2740128
0.73555994,0.26444012
0.72911793,0.27088207
0.72846234,0.27153766
0.721262,0.27873802
0.7249547,0.27504528
0.72635734,0.27364266
0.73455215,0.26544783
0.7159115,0.2840885
0.72907054,0.2709295
0.7291685,0.27083156
0.73663795,0.26336205
0.71440244,0.28559756
0.71934307,0.28065693
0.7234545,0.2765455
0.741308,0.25869203
0.7273944,0.2726056
0.7261567,0.27384332
0.73798144,0.26201853
0.7336115,0.26638848
0.73115814,0.26884183
0.7307117,0.2692883
0.73026043,0.2697396
0.7390145,0.2609855
0.7349914,0.26500863
0.73916614,0.26083386
0.73067415,0.2693259
0.72684944,0.27315056
0.72161114,0.27838886
0.7267412,0.27325875
0.7268276,0.27317238
0.71704936,0.28295064
0.7348079,0.2651921
0.7371479,0.26285207
0.7241981,0.27580196
0.72537637,0.2746236
0.72650063,0.2734993
0.718744,0.28125602
0.7272256,0.2727744
0.74234563,0.25765434
0.73060465,0.26939535
0.7282381,0.2717619
0.72806513,0.27193487
0.731105,0.268895
0.72229326,0.27770674
0.7355657,0.26443428
0.7355772,0.2644227
0.7266185,0.27338144
0.7223754,0.27762467
0.731014,0.26898605
0.7327393,0.26726073
0.72111213,0.2788879
0.7263653,0.27363464
0.7244492,0.27555078
0.73955315,0.26044688
0.7264577,0.27354234
0.731156,0.26884404
0.7309642,0.26903576
0.7320759,0.26792407
0.7226373,0.2773627
0.72352517,0.2764748
0.7410967,0.25890332
0.71645486,0.28354514
0.72833127,0.27166873
0.72348773,0.2765123
0.7294049,0.27059507
0.73279846,0.26720154
0.723696,0.276304
0.7363295,0.26367047
0.7207488,0.27925122
0.720413,0.27958697
0.72398585,0.27601412
0.7350157,0.2649843
0.72902215,0.27097785
0.73255205,0.26744795
0.72935545,0.2706445
0.73044515,0.2695549
0.7249086,0.27509144
0.7229767,0.27702332
0.7233199,0.27668002
0.7237462,0.27625388
0.7394233,0.26057673
0.72762537,0.27237457
0.73060966,0.26939037
0.7304882,0.26951182
0.7232199,0.27678016
0.7276224,0.27237764
0.7231209,0.27687907
0.7277644,0.27223557
0.73125494,0.2687451
0.725534,0.27446592
0.72607636,0.27392364
0.73606753,0.26393247
0.7252559,0.27474406
0.7233851,0.27661484
0.72430813,0.27569187
0.7231718,0.27682823
0.7260815,0.27391848
0.7279475,0.27205253
0.7228074,0.27719262
0.7291657,0.27083433
0.7159977,0.2840023
0.73976505,0.2602349
0.7305207,0.26947924
0.7390779,0.26092204
0.730851,0.269149
0.735499,0.26450095
0.7308886,0.26911137
0.7334318,0.26656818
0.7223227,0.27767727
0.7383764,0.26162362
0.7362704,0.26372957
0.7322248,0.26777515
0.73779213,0.26220787
0.7385824,0.2614176
0.7263846,0.2736154
0.7287458,0.27125415
0.73036885,0.26963115
0.74244285,0.2575571
0.7413229,0.25867718
0.73679256,0.26320744
0.73455125,0.26544875
0.7361432,0.2638568
0.73420906,0.265791
0.72717124,0.27282876
0.73296916,0.2670309
0.7151147,0.28488523
0.74102134,0.25897866
0.7098742,0.2901258
0.73678946,0.26321054
0.72439647,0.27560353
0.7214426,0.27855742
0.733372,0.26662803
0.7160082,0.2839918
0.7350626,0.2649374
0.7266774,0.2733226
0.7307414,0.26925868
0.73019075,0.26980925
0.72137666,0.27862337
0.73687947,0.26312053
0.7317666,0.26823345
0.73266244,0.26733756
0.72464067,0.27535933
0.7261123,0.2738877
0.73714834,0.26285166
0.7338063,0.26619372
0.72309345,0.27690655
0.724797,0.27520302
0.72693455,0.27306545
0.7360444,0.2639556
0.72669286,0.27330714
0.7131754,0.28682458
0.7356502,0.26434988
0.7392354,0.26076466
0.71441567,0.28558433
0.7183623,0.28163773
0.7185051,0.2814949
0.72486633,0.27513367
0.7313287,0.26867127
0.71584076,0.28415924
0.73653007,0.26346996
0.7250922,0.2749078
0.7231144,0.27688563
0.73845303,0.261547
0.73183525,0.26816475
0.7285734,0.27142662
0.72779715,0.27220285
0.72709507,0.27290493
0.7400444,0.25995559
0.73000705,0.26999295
0.72677964,0.27322036
0.74119365,0.25880635
0.71829116,0.28170884
0.7290357,0.27096432
0.72833526,0.2716647
0.734999,0.265001
0.7256113,0.27438867
0.7378409,0.2621591
0.7286488,0.27135122
0.73635256,0.26364747
0.7324796,0.26752043
0.73355424,0.2664458
0.734048,0.26595193
0.7322248,0.26777518
0.726112,0.273888
0.7239844,0.27601555
0.7214273,0.27857262
0.73689055,0.26310945
0.7343628,0.26563716
0.7175279,0.28247207
0.7458513,0.25414872
0.7339965,0.26600352
0.7353102,0.2646898
0.73114896,0.2688511
0.7315954,0.2684046
0.722135,0.27786505
0.73005617,0.26994383
0.7395196,0.26048046
0.7273557,0.27264428
0.72728443,0.27271557
0.72947145,0.2705285
0.73456794,0.26543206
0.7249954,0.27500468
0.72797227,0.2720277
0.7211934,0.27880657
0.7293669,0.2706331
0.7282228,0.2717772
0.7343521,0.26564786
0.72163224,0.2783677
0.720608,0.279392
0.72947097,0.27052903
0.7276943,0.2723058
0.73744404,0.26255596
0.7375479,0.26245213
0.73334914,0.26665086
0.7225407,0.2774593
0.73264587,0.26735416
0.73846996,0.26153007
0.73965895,0.26034105
0.7369045,0.2630955
0.72240376,0.27759624
0.7318543,0.26814568
0.71930015,0.28069982
0.72378564,0.27621436
0.72634983,0.27365023
0.73113763,0.26886237
0.73766506,0.26233494
0.72827053,0.27172947
0.726724,0.27327594
0.7230693,0.2769307
0.730834,0.26916593
0.7343999,0.26560006
0.72540045,0.27459952
0.72321284,0.27678716
0.72829175,0.2717082
0.71545196,0.28454798
0.7299317,0.2700683
0.72379506,0.2762049
0.7268404,0.27315965
0.73319507,0.26680493
0.7299065,0.2700935
0.7327532,0.26724675
0.72198504,0.27801496
0.73095304,0.26904696
0.7391712,0.2608288
0.7354661,0.26453382
0.7327553,0.2672447
0.7227515,0.2772485
0.7236753,0.2763247
0.7262465,0.27375352
0.7201842,0.27981582
0.71898663,0.2810134
0.7332368,0.26676327
0.74240756,0.25759238
0.7310698,0.2689302
0.7240857,0.27591425
0.7307828,0.26921722
0.7274499,0.27255014
0.72380733,0.27619272
0.7431139,0.25688618
0.72664464,0.27335536
0.7292644,0.27073562
0.7360097,0.26399028
0.7318248,0.26817518
0.7189588,0.28104118
0.7394492,0.26055074
0.7372018,0.2627982
0.7351508,0.26484913
0.71541524,0.2845847
0.7241915,0.27580854
0.7248747,0.2751253
0.7288227,0.27117726
0.71398103,0.28601897
0.71608037,0.28391963
0.7351201,0.26487988
0.72830653,0.27169353
0.726303,0.27369702
0.73837954,0.26162046
0.7352199,0.2647801
0.7226931,0.27730688
0.7202426,0.27975738
0.73103166,0.2689684
0.73894984,0.26105013
0.7403139,0.25968602
0.7224215,0.27757847
0.7232525,0.27674747
0.73795223,0.26204777
0.7264777,0.27352235
0.72084486,0.2791551
0.7326225,0.26737753
0.7299677,0.2700323
0.73341477,0.2665852
0.729524,0.27047598
0.73165727,0.2683427
0.72782075,0.27217928
0.736244,0.26375598
0.72609055,0.2739095
0.737253,0.262747
0.7412237,0.2587763
0.7192291,0.28077093
0.74008894,0.25991103
0.72431016,0.27568987
0.71376765,0.28623235
0.7361186,0.26388144
0.73452127,0.2654788
0.7281774,0.27182263
0.7240049,0.27599508
0.7084175,0.29158252
0.71862,0.28138
0.7319362,0.26806378
0.726473,0.27352703
0.7373613,0.2626387
0.73293126,0.26706868
0.7315529,0.2684471
0.73699164,0.2630084
0.7341809,0.26581913
0.7166265,0.28337345
0.734703,0.265297
0.72550815,0.27449185
0.7166285,0.2833715
0.73033345,0.26966655
0.72382784,0.27617216
0.72663605,0.273364
0.71721464,0.28278533
0.7340519,0.26594812
0.7310855,0.26891452
0.7268433,0.2731567
0.71893287,0.2810671
0.73915696,0.26084307
0.73109984,0.26890013
0.72564304,0.274357
0.725775,0.274225
0.7239959,0.27600405
0.7360747,0.26392537
0.7397877,0.2602123
0.7187401,0.28125986
0.72284716,0.27715287
0.7271372,0.2728628
0.72328854,0.27671143
0.72238916,0.27761084
0.7244046,0.27559537
0.7346746,0.2653254
0.72720873,0.27279127
0.73143744,0.26856256
0.7276454,0.27235463
0.7321416,0.26785845
0.7193072,0.28069288
0.72015333,0.27984673
