epoch,train_loss,train_acc,val_loss,val_acc,lr_min,lr_max
1,1.6553566187078304,0.19545454545454546,1.6118721456850988,0.3305084745762712,0.0001,0.0001
2,1.6179465007781983,0.26272727272727275,1.5952168238365043,0.4067796610169492,0.0001,0.0001
3,1.621216122453863,0.33545454545454545,1.5837726128303398,0.3177966101694915,0.0001,0.0001
4,1.5778722169182517,0.3281818181818182,1.5713681002794686,0.3983050847457627,0.0001,0.0001
5,1.583199215368791,0.37772727272727274,1.5679568618030872,0.3326271186440678,0.0001,0.0001
6,1.5746106160770763,0.3054545454545455,1.562313968852415,0.3283898305084746,0.0001,0.0001
7,1.5605673031373457,0.3463636363636364,1.5613532025935286,0.3834745762711864,0.0001,0.0001
8,1.5532960315184159,0.38136363636363635,1.5572347580376318,0.3241525423728814,0.0001,0.0001
9,1.5511322741074995,0.38045454545454543,1.557552984205343,0.4661016949152542,0.0001,0.0001
10,1.5463908117467706,0.3836363636363636,1.5558627500372417,0.4046610169491525,0.0001,0.0001
