trial_name,epoch,train_loss,train_accuracy,val_loss,val_accuracy,val_macro_f1,val_weighted_f1,lr_min,lr_max
intensity_jitter_higher_image_lr,1,1.5288464680584994,0.5177272727272727,1.3792200492600264,0.2860169491525424,0.23299521435443765,0.34423537997669973,0.0002,0.0002
intensity_jitter_higher_image_lr,2,1.2791413125124844,0.5481818181818182,1.3043483616942066,0.6970338983050848,0.40747492900945587,0.6966568168998921,0.0002,0.0002
intensity_jitter_higher_image_lr,3,1.073842841495167,0.565,1.3896690142356742,0.5911016949152542,0.359860870163018,0.6350888056340228,0.0002,0.0002
intensity_jitter_higher_image_lr,4,0.8904379081726074,0.5786363636363636,1.422795477560011,0.6567796610169492,0.45651032021618076,0.693412317822262,0.0002,0.0002
intensity_jitter_higher_image_lr,5,0.5904561651836742,0.6554545454545454,1.8008704488560305,0.7266949152542372,0.4459669351255938,0.7264106928166864,0.0002,0.0002
intensity_jitter_higher_image_lr,6,0.4532508967139504,0.7118181818181818,1.4991952443526964,0.5550847457627118,0.41345318926530067,0.6086746710529918,0.0002,0.0002
intensity_jitter_higher_image_lr,7,0.3800595138289712,0.7572727272727273,2.0767186051708157,0.7033898305084746,0.43306407851191897,0.7132151592123355,0.0002,0.0002
intensity_jitter_higher_image_lr,8,0.32296662281860006,0.7895454545454546,2.3277497251155013,0.7351694915254238,0.4206339608695961,0.718184325241022,0.0002,0.0002
intensity_jitter_higher_image_lr,9,0.31170632373202933,0.8368181818181818,2.0058859768560375,0.4110169491525424,0.33923320372014515,0.49078406331434954,0.0002,0.0002
intensity_jitter_higher_image_lr,10,0.21984020520340314,0.8704545454545455,2.8097861944618874,0.7542372881355932,0.4460306232670675,0.7360681435623572,0.0002,0.0002
